Create: 
DROP TABLE IF EXISTS MayQualifyFor;
 DROP TABLE IF EXISTS CartItems; 
DROP TABLE IF EXISTS FoodItem; 
DROP TABLE IF EXISTS Customer;
 DROP TABLE IF EXISTS GovSupportProgram; 
DROP TABLE IF EXISTS Retailers; 
DROP TABLE IF EXISTS Province;

CREATE TABLE Customer (
    CustomerID INT, 
    Lname VARCHAR(25),
    Fname VARCHAR(25),
    IncomeLevel NUMERIC(12, 2),
    ProvCode VARCHAR(15),
    PRIMARY KEY (CustomerID),
    FOREIGN KEY (ProvCode) REFERENCES Province(ProvCode)  
);

CREATE TABLE FoodItem (
    ItemID INT,
    Price NUMERIC(10, 2),
    PriceChangeLastYear NUMERIC(4, 2),
    Name VARCHAR(25),
    Category VARCHAR(100),
    RetailerID INT,
    PRIMARY KEY (ItemID),
    FOREIGN KEY (RetailerID) REFERENCES Retailers(RetailerID)
);

CREATE TABLE Retailers (
RetailerID INT,
RetName VARCHAR (100),
RetLocation VARCHAR (100),
PRIMARY KEY (ReatailerID));


CREATE TABLE Province (
ProvCode VARCHAR (15),
AvgIncome NUMERIC (12,2),
PRIMARY KEY ( ProvCode ));


CREATE TABLE MayQualifyFor (
CustomerID INT,
ProgName VARCHAR (100),
PRIMARY KEY (CustomerID, ProgName), 
FOREIGN KEY (CustomerID) REFERENCES Customer(CustomerID), 
FOREIGN KEY (ProgName) REFERENCES GovSupportProgram(ProgName));


CREATE TABLE GovSupportProgram (
    ProgName VARCHAR(100) PRIMARY KEY,
    Criteria VARCHAR(250),
    BenefitAmount DECIMAL(10,2)
);

CREATE TABLE CartItems (
    CartItemID INT,
    Date DATE,
    Quantity INT,
    CustomerId INT,
    ItemID INT,
    PRIMARY KEY (CartItemID),
    FOREIGN KEY (CustomerId) REFERENCES Customer(CustomerID),
    FOREIGN KEY (ItemID) REFERENCES FoodItem (ItemID)
);


INSERT INTO CartItems (CartItemID, Date, Quantity, CustomerId, ItemID) VALUES
(1, '2025-03-01', 2, 5, 1),
(2, '2025-03-02', 1, 15, 2),
(3, '2025-03-03', 3, 23, 3),
(4, '2025-03-04', 2, 37, 4),
(5, '2025-03-05', 4, 50, 5),
(6, '2025-03-06', 1, 60, 6),
(7, '2025-03-07', 2, 7, 7),
(8, '2025-03-08', 5, 12, 8),
(9, '2025-03-09', 1, 35, 9),
(10, '2025-03-10', 3, 41, 10),
(11, '2025-03-11', 4, 21, 11),
(12, '2025-03-12', 2, 68, 12),
(13, '2025-03-13', 1, 30, 13),
(14, '2025-03-14', 3, 72, 14),
(15, '2025-03-15', 2, 56, 15),
(16, '2025-03-16', 1, 48, 16),
(17, '2025-03-17', 4, 28, 17),
(18, '2025-03-18', 3, 77, 18),
(19, '2025-03-19', 5, 84, 19),
(20, '2025-03-20', 1, 94, 20),
(21, '2025-03-21', 2, 88, 21),
(22, '2025-03-22', 1, 22, 22),
(23, '2025-03-23', 3, 66, 23),
(24, '2025-03-24', 4, 73, 24),
(25, '2025-03-25', 2, 45, 25),
(26, '2025-03-26', 1, 70, 26),
(27, '2025-03-27', 5, 33, 27),
(28, '2025-03-28', 3, 13, 28),
(29, '2025-03-29', 4, 64, 29),
(30, '2025-03-30', 2, 82, 30),
(31, '2025-03-31', 1, 3, 31),
(32, '2025-04-01', 2, 91, 32),
(33, '2025-04-02', 3, 11, 33),
(34, '2025-04-03', 4, 52, 34),
(35, '2025-04-04', 1, 25, 35),
(36, '2025-04-05', 3, 14, 36),
(37, '2025-04-06', 2, 49, 37),
(38, '2025-04-07', 5, 61, 38),
(39, '2025-04-08', 4, 53, 39),
(40, '2025-04-09', 1, 9, 40),
(41, '2025-04-10', 2, 8, 41),
(42, '2025-04-11', 3, 78, 42),
(43, '2025-04-12', 1, 17, 43),
(44, '2025-04-13', 2, 16, 44),
(45, '2025-04-14', 1, 46, 45),
(46, '2025-04-15', 4, 54, 46),
(47, '2025-04-16', 3, 67, 47),
(48, '2025-04-17', 5, 80, 48),
(49, '2025-04-18', 2, 18, 49),
(50, '2025-04-19', 4, 90, 50),
(51, '2025-04-20', 1, 5, 51),
(52, '2025-04-21', 3, 71, 52),
(53, '2025-04-22', 2, 76, 53),
(54, '2025-04-23', 1, 26, 54),
(55, '2025-04-24', 4, 40, 55),
(56, '2025-04-25', 3, 74, 56),
(57, '2025-04-26', 2, 57, 57),
(58, '2025-04-27', 1, 19, 58),
(59, '2025-04-28', 5, 69, 59),
(60, '2025-04-29', 4, 36, 60),
(61, '2025-04-30', 3, 42, 61),
(62, '2025-05-01', 2, 85, 62),
(63, '2025-05-02', 1, 29, 63),
(64, '2025-05-03', 4, 51, 64),
(65, '2025-05-04', 5, 62, 65),
(66, '2025-05-05', 1, 68, 66),
(67, '2025-05-06', 3, 32, 67),
(68, '2025-05-07', 2, 20, 68),
(69, '2025-05-08', 4, 47, 69),
(70, '2025-05-09', 1, 10, 70),
(71, '2025-05-10', 5, 75, 71),
(72, '2025-05-11', 3, 59, 72),
(73, '2025-05-12', 2, 79, 73),
(74, '2025-05-13', 1, 23, 74),
(75, '2025-05-14', 4, 38, 75);

INSERT INTO FoodItem (ItemID, Price, PriceChangeLastYear, Name, Category, RetailerID)
VALUES
(1, 17.17, ((18.01 - 17.17) / 17.17) * 100, 'Beef stewing cuts', 'Beef', 1),
(2, 28.66, ((27.80 - 28.66) / 28.66) * 100, 'Beef striploin cuts', 'Beef', 2),
(3, 18.87, ((23.19 - 18.87) / 18.87) * 100, 'Beef top sirloin cuts', 'Beef', 3),
(4, 32.80, ((28.95 - 32.80) / 32.80) * 100, 'Beef rib cuts', 'Beef', 4),
(5, 11.16, ((13.08 - 11.16) / 11.16) * 100, 'Ground beef', 'Beef', 5),
(6, 8.81, ((8.77 - 8.81) / 8.81) * 100, 'Pork loin cuts', 'Pork', 6),
(7, 7.70, ((7.94 - 7.70) / 7.70) * 100, 'Pork rib cuts', 'Pork', 7),
(8, 5.99, ((6.18 - 5.99) / 5.99) * 100, 'Pork shoulder cuts', 'Pork', 8),
(9, 5.71, ((5.73 - 5.71) / 5.71) * 100, 'Whole chicken', 'Poultry', 1),
(10, 13.05, ((13.53 - 13.05) / 13.05) * 100, 'Chicken breasts', 'Poultry', 2),
(11, 11.39, ((12.07 - 11.39) / 11.39) * 100, 'Chicken thigh', 'Poultry', 3),
(12, 6.63, ((6.96 - 6.63) / 6.63) * 100, 'Chicken drumsticks', 'Poultry', 4),
(13, 6.53, ((6.64 - 6.53) / 6.53) * 100, 'Bacon', 'Pork', 5),
(14, 3.79, ((3.94 - 3.79) / 3.79) * 100, 'Wieners', 'Pork', 6),
(15, 27.11, ((27.47 - 27.11) / 27.11) * 100, 'Salmon', 'Seafood', 7),
(16, 7.57, ((7.39 - 7.57) / 7.57) * 100, 'Shrimp', 'Seafood', 8),
(17, 4.59, ((4.44 - 4.59) / 4.59) * 100, 'Canned salmon', 'Seafood', 1),
(18, 1.60, ((1.58 - 1.60) / 1.60) * 100, 'Canned tuna', 'Seafood', 2),
(19, 5.88, ((6.20 - 5.88) / 5.88) * 100, 'Meatless burgers', 'Vegetarian', 3),
(20, 2.91, ((3.03 - 2.91) / 2.91) * 100, 'Milk, 1 litre', 'Dairy', 4),
(21, 5.11, ((5.31 - 5.11) / 5.11) * 100, 'Milk, 2 litres', 'Dairy', 5),
(22, 6.41, ((6.61 - 6.41) / 6.41) * 100, 'Milk, 4 litres', 'Dairy', 6),
(23, 4.27, ((4.27 - 4.27) / 4.27) * 100, 'Soy milk', 'Dairy Alternatives', 7),
(24, 4.22, ((4.19 - 4.22) / 4.22) * 100, 'Nut milk', 'Dairy Alternatives', 8),
(25, 4.45, ((4.61 - 4.45) / 4.45) * 100, 'Cream', 'Dairy', 1),
(26, 6.14, ((5.96 - 6.14) / 6.14) * 100, 'Butter', 'Dairy', 2),
(27, 7.42, ((7.37 - 7.42) / 7.42) * 100, 'Margarine', 'Dairy', 3),
(28, 6.71, ((6.76 - 6.71) / 6.71) * 100, 'Block cheese', 'Dairy', 4),
(29, 3.32, ((3.50 - 3.32) / 3.32) * 100, 'Yogurt', 'Dairy', 5),
(30, 4.46, ((4.89 - 4.46) / 4.46) * 100, 'Eggs', 'Eggs', 6),
(31, 5.18, ((5.13 - 5.18) / 5.18) * 100, 'Apples', 'Fruit', 7),
(32, 3.38, ((3.85 - 3.38) / 3.38) * 100, 'Oranges', 'Fruit', 8),
(33, 5.24, ((5.27 - 5.24) / 5.24) * 100, 'Oranges, 1.36 kilograms', 'Fruit', 1),
(34, 1.65, ((1.66 - 1.65) / 1.65) * 100, 'Bananas', 'Fruit', 2);
(35, 2.09, 0.00, 'Milk', 'Dairy', 3),
(36, 1.79, -0.02, 'Milk', 'Dairy', 4),
(37, 1.95, 0.03, 'Milk', 'Dairy', 5),
(38, 1.85, -0.01, 'Milk', 'Dairy', 6),
(39, 1.99, 0.05, 'Milk', 'Dairy', 7),
(40, 2.19, 0.08, 'Milk', 'Dairy', 8),

(41, 3.49, 0.10, 'Cheese', 'Dairy', 1),
(42, 3.29, 0.15, 'Cheese', 'Dairy', 2),
(43, 3.79, 0.20, 'Cheese', 'Dairy', 3),
(44, 3.59, 0.18, 'Cheese', 'Dairy', 4),
(45, 3.99, 0.22, 'Cheese', 'Dairy', 5),
(46, 3.69, 0.10, 'Cheese', 'Dairy', 6),
(47, 3.49, 0.14, 'Cheese', 'Dairy', 7),
(48, 3.89, 0.05, 'Cheese', 'Dairy', 8),

(49, 2.49, 0.10, 'Eggs', 'Dairy', 1),
(50, 2.59, 0.08, 'Eggs', 'Dairy', 2),
(51, 2.79, 0.12, 'Eggs', 'Dairy', 3),
(52, 2.19, 0.15, 'Eggs', 'Dairy', 4),
(53, 2.99, 0.20, 'Eggs', 'Dairy', 5),
(54, 2.39, 0.08, 'Eggs', 'Dairy', 6),
(55, 2.59, 0.05, 'Eggs', 'Dairy', 7),
(56, 2.69, 0.10, 'Eggs', 'Dairy', 8),

(57, 6.99, 0.50, 'Chicken Breast', 'Meat', 1),
(58, 7.49, 0.60, 'Chicken Breast', 'Meat', 2),
(59, 6.79, 0.55, 'Chicken Breast', 'Meat', 3),
(60, 6.99, 0.45, 'Chicken Breast', 'Meat', 4),
(61, 7.29, 0.50, 'Chicken Breast', 'Meat', 5),
(62, 6.89, 0.35, 'Chicken Breast', 'Meat', 6),
(63, 6.59, 0.40, 'Chicken Breast', 'Meat', 7),
(64, 7.19, 0.30, 'Chicken Breast', 'Meat', 8),

(65, 4.19, 0.20, 'Yogurt', 'Dairy', 1),
(66, 4.49, 0.15, 'Yogurt', 'Dairy', 2),
(67, 4.29, 0.18, 'Yogurt', 'Dairy', 3),
(68, 4.79, 0.22, 'Yogurt', 'Dairy', 4),
(69, 4.59, 0.10, 'Yogurt', 'Dairy', 5),
(70, 4.69, 0.12, 'Yogurt', 'Dairy', 6),
(71, 4.39, 0.05, 'Yogurt', 'Dairy', 7),
(72, 4.99, 0.18, 'Yogurt', 'Dairy', 8);


(73, 2.99, 0.15, 'Tomato', 'Vegetables', 1),
(74, 2.89, 0.12, 'Tomato', 'Vegetables', 2),
(75, 3.09, 0.20, 'Tomato', 'Vegetables', 3),
(76, 2.79, 0.10, 'Tomato', 'Vegetables', 4),
(77, 3.19, 0.05, 'Tomato', 'Vegetables', 5),
(78, 2.99, 0.18, 'Tomato', 'Vegetables', 6),
(79, 2.69, 0.10, 'Tomato', 'Vegetables', 7),
(80, 3.29, 0.12, 'Tomato', 'Vegetables', 8),

(81, 1.99, 0.10, 'Lettuce', 'Vegetables', 1),
(82, 2.29, 0.12, 'Lettuce', 'Vegetables', 2),
(83, 1.89, 0.08, 'Lettuce', 'Vegetables', 3),
(84, 2.19, 0.05, 'Lettuce', 'Vegetables', 4),
(85, 2.39, 0.15, 'Lettuce', 'Vegetables', 5),
(86, 2.19, 0.10, 'Lettuce', 'Vegetables', 6),
(87, 2.59, 0.12, 'Lettuce', 'Vegetables', 7),
(88, 2.49, 0.18, 'Lettuce', 'Vegetables', 8),
(89, 1.49, 0.05, 'Cucumber', 'Vegetables', 1),
(90, 1.79, 0.08, 'Cucumber', 'Vegetables', 2),
(91, 1.69, 0.10, 'Cucumber', 'Vegetables', 3),
(92, 1.39, 0.07, 'Cucumber', 'Vegetables', 4),
(93, 1.89, 0.12, 'Cucumber', 'Vegetables', 5),
(94, 1.69, 0.05, 'Cucumber', 'Vegetables', 6),
(95, 1.59, 0.10, 'Cucumber', 'Vegetables', 7),
(96, 1.79, 0.08, 'Cucumber', 'Vegetables', 8),

(97, 3.49, 0.25, 'Spinach', 'Vegetables', 1),
(98, 3.29, 0.22, 'Spinach', 'Vegetables', 2),
(99, 3.69, 0.18, 'Spinach', 'Vegetables', 3),
(100, 3.19, 0.15, 'Spinach', 'Vegetables', 4),
(101, 3.99, 0.30, 'Spinach', 'Vegetables', 5),
(102, 3.59, 0.12, 'Spinach', 'Vegetables', 6),
(103, 3.49, 0.10, 'Spinach', 'Vegetables', 7),
(104, 3.89, 0.20, 'Spinach', 'Vegetables', 8),

(105, 4.49, 0.10, 'Potato', 'Vegetables', 1),
(106, 4.19, 0.15, 'Potato', 'Vegetables', 2),
(107, 4.79, 0.20, 'Potato', 'Vegetables', 3),
(108, 4.29, 0.10, 'Potato', 'Vegetables', 4),
(109, 4.59, 0.18, 'Potato', 'Vegetables', 5),
(110, 4.39, 0.12, 'Potato', 'Vegetables', 6),
(111, 4.49, 0.15, 'Potato', 'Vegetables', 7),
(112, 4.69, 0.08, 'Potato', 'Vegetables', 8),

(113, 2.49, 0.12, 'Orange', 'Fruits', 1),
(114, 2.59, 0.10, 'Orange', 'Fruits', 2),
(115, 2.89, 0.18, 'Orange', 'Fruits', 3),
(116, 2.79, 0.15, 'Orange', 'Fruits', 4),
(117, 2.99, 0.05, 'Orange', 'Fruits', 5),
(118, 2.49, 0.10, 'Orange', 'Fruits', 6),
(119, 2.79, 0.12, 'Orange', 'Fruits', 7),
(120, 2.69, 0.08, 'Orange', 'Fruits', 8),

(121, 1.99, 0.15, 'Avocado', 'Fruits', 1),
(122, 2.19, 0.12, 'Avocado', 'Fruits', 2),
(123, 2.49, 0.20, 'Avocado', 'Fruits', 3),
(124, 2.29, 0.18, 'Avocado', 'Fruits', 4),
(125, 2.69, 0.05, 'Avocado', 'Fruits', 5),
(126, 2.39, 0.10, 'Avocado', 'Fruits', 6),
(127, 2.59, 0.08, 'Avocado', 'Fruits', 7),
(128, 2.99, 0.15, 'Avocado', 'Fruits', 8),

(129, 3.49, 0.12, 'Strawberry', 'Fruits', 1),
(130, 3.69, 0.10, 'Strawberry', 'Fruits', 2),
(131, 3.89, 0.20, 'Strawberry', 'Fruits', 3),
(132, 3.29, 0.18, 'Strawberry', 'Fruits', 4),
(133, 3.59, 0.15, 'Strawberry', 'Fruits', 5),
(134, 3.49, 0.12, 'Strawberry', 'Fruits', 6),
(135, 3.79, 0.10, 'Strawberry', 'Fruits', 7),
(136, 3.99, 0.18, 'Strawberry', 'Fruits', 8),

(137, 4.19, 0.15, 'Blueberry', 'Fruits', 1),
(138, 4.39, 0.10, 'Blueberry', 'Fruits', 2),
(139, 4.59, 0.20, 'Blueberry', 'Fruits', 3),
(140, 4.29, 0.12, 'Blueberry', 'Fruits', 4),
(141, 4.79, 0.18, 'Blueberry', 'Fruits', 5),
(142, 4.49, 0.14, 'Blueberry', 'Fruits', 6),
(143, 4.69, 0.10, 'Blueberry', 'Fruits', 7),
(144, 4.89, 0.20, 'Blueberry', 'Fruits', 8),

(145, 3.99, 0.10, 'Pineapple', 'Fruits', 1),
(146, 4.29, 0.12, 'Pineapple', 'Fruits', 2),
(147, 4.59, 0.15, 'Pineapple', 'Fruits', 3),
(148, 4.19, 0.10, 'Pineapple', 'Fruits', 4),
(149, 4.39, 0.18, 'Pineapple', 'Fruits', 5),
(150, 4.19, 0.05, 'Pineapple', 'Fruits', 6),
(151, 4.49, 0.15, 'Pineapple', 'Fruits', 7),
(152, 4.79, 0.20, 'Pineapple', 'Fruits', 8);

(182, 14.99, 0.25, 'Salmon', 'Meat', 1),
(183, 15.29, 0.20, 'Salmon', 'Meat', 2),
(184, 15.49, 0.18, 'Salmon', 'Meat', 3),
(185, 14.79, 0.15, 'Salmon', 'Meat', 4),
(186, 15.99, 0.10, 'Salmon', 'Meat', 5),
(187, 15.19, 0.12, 'Salmon', 'Meat', 6),
(188, 15.79, 0.20, 'Salmon', 'Meat', 7),
(189, 16.29, 0.18, 'Salmon', 'Meat', 8),

(190, 3.49, 0.10, 'Chips', 'Snacks', 1),
(191, 3.79, 0.12, 'Chips', 'Snacks', 2),
(192, 3.99, 0.15, 'Chips', 'Snacks', 3),
(193, 3.59, 0.18, 'Chips', 'Snacks', 4),
(194, 4.19, 0.08, 'Chips', 'Snacks', 5),
(195, 3.89, 0.10, 'Chips', 'Snacks', 6),
(196, 4.09, 0.12, 'Chips', 'Snacks', 7),
(197, 4.29, 0.20, 'Chips', 'Snacks', 8),

(198, 4.49, 0.12, 'Hashbrowns', 'Frozen Foods', 1),
(199, 4.69, 0.15, 'Hashbrowns', 'Frozen Foods', 2),
(200, 4.99, 0.18, 'Hashbrowns', 'Frozen Foods', 3),
(201, 4.39, 0.10, 'Hashbrowns', 'Frozen Foods', 4),
(202, 4.89, 0.20, 'Hashbrowns', 'Frozen Foods', 5),
(203, 4.59, 0.12, 'Hashbrowns', 'Frozen Foods', 6),
(204, 4.79, 0.15, 'Hashbrowns', 'Frozen Foods', 7),
(205, 4.99, 0.18, 'Hashbrowns', 'Frozen Foods', 8),

(206, 6.99, 0.18, 'Grapes', 'Fruits', 1),
(207, 7.29, 0.20, 'Grapes', 'Fruits', 2),
(208, 7.59, 0.15, 'Grapes', 'Fruits', 3),
(209, 6.79, 0.12, 'Grapes', 'Fruits', 4),
(210, 7.99, 0.25, 'Grapes', 'Fruits', 5),
(211, 7.49, 0.18, 'Grapes', 'Fruits', 6),
(212, 7.69, 0.10, 'Grapes', 'Fruits', 7),
(213, 7.89, 0.12, 'Grapes', 'Fruits', 8),

(214, 6.99, 0.15, 'Frozen Pizza', 'Frozen Foods', 1),
(215, 7.49, 0.10, 'Frozen Pizza', 'Frozen Foods', 2),
(216, 7.79, 0.12, 'Frozen Pizza', 'Frozen Foods', 3),
(217, 6.89, 0.20, 'Frozen Pizza', 'Frozen Foods', 4),
(218, 7.99, 0.18, 'Frozen Pizza', 'Frozen Foods', 5),
(219, 7.29, 0.10, 'Frozen Pizza', 'Frozen Foods', 6),
(220, 7.59, 0.08, 'Frozen Pizza', 'Frozen Foods', 7),
(221, 7.89, 0.18, 'Frozen Pizza', 'Frozen Foods', 8),

(222, 5.99, 0.10, 'Ground Beef', 'Meat', 1),
(223, 6.29, 0.12, 'Ground Beef', 'Meat', 2),
(224, 6.49, 0.15, 'Ground Beef', 'Meat', 3),
(225, 5.89, 0.18, 'Ground Beef', 'Meat', 4),
(226, 6.79, 0.10, 'Ground Beef', 'Meat', 5),
(227, 6.19, 0.12, 'Ground Beef', 'Meat', 6),
(228, 6.39, 0.18, 'Ground Beef', 'Meat', 7),
(229, 6.59, 0.15, 'Ground Beef', 'Meat', 8),

(230, 12.99, 0.25, 'Steak', 'Meat', 1),
(231, 13.49, 0.20, 'Steak', 'Meat', 2),
(232, 13.99, 0.18, 'Steak', 'Meat', 3),
(233, 12.79, 0.15, 'Steak', 'Meat', 4),
(234, 14.29, 0.10, 'Steak', 'Meat', 5),
(235, 13.69, 0.12, 'Steak', 'Meat', 6),
(236, 13.89, 0.18, 'Steak', 'Meat', 7),
(237, 14.49, 0.15, 'Steak', 'Meat', 8),

(238, 6.99, 0.10, 'Bacon', 'Meat', 1),
(239, 7.19, 0.12, 'Bacon', 'Meat', 2),
(240, 7.39, 0.15, 'Bacon', 'Meat', 3),
(241, 6.69, 0.08, 'Bacon', 'Meat', 4),
(242, 7.59, 0.18, 'Bacon', 'Meat', 5),
(243, 7.09, 0.12, 'Bacon', 'Meat', 6),
(244, 7.29, 0.10, 'Bacon', 'Meat', 7),
(245, 7.49, 0.15, 'Bacon', 'Meat', 8),
(246, 5.49, 0.10, 'Sausages', 'Meat', 1),
(247, 5.89, 0.12, 'Sausages', 'Meat', 2),
(248, 6.09, 0.15, 'Sausages', 'Meat', 3),
(249, 5.39, 0.18, 'Sausages', 'Meat', 4),
(250, 6.19, 0.20, 'Sausages', 'Meat', 5),
(251, 5.69, 0.10, 'Sausages', 'Meat', 6),
(252, 5.89, 0.12, 'Sausages', 'Meat', 7),
(253, 6.09, 0.15, 'Sausages', 'Meat', 8),

(254, 8.99, 0.15, 'Chicken Wings', 'Meat', 1),
(255, 9.19, 0.12, 'Chicken Wings', 'Meat', 2),
(256, 9.39, 0.18, 'Chicken Wings', 'Meat', 3),
(257, 8.69, 0.10, 'Chicken Wings', 'Meat', 4),
(258, 9.79, 0.12, 'Chicken Wings', 'Meat', 5),
(259, 9.29, 0.18, 'Chicken Wings', 'Meat', 6),
(260, 9.49, 0.20, 'Chicken Wings', 'Meat', 7),
(261, 9.69, 0.15, 'Chicken Wings', 'Meat', 8),

(262, 3.49, 0.10, 'Tofu', 'Vegetarian', 1),
(263, 3.69, 0.12, 'Tofu', 'Vegetarian', 2),
(264, 3.89, 0.15, 'Tofu', 'Vegetarian', 3),
(265, 3.29, 0.08, 'Tofu', 'Vegetarian', 4),
(266, 4.19, 0.12, 'Tofu', 'Vegetarian', 5),
(267, 3.79, 0.10, 'Tofu', 'Vegetarian', 6),
(268, 3.59, 0.15, 'Tofu', 'Vegetarian', 7),
(269, 3.99, 0.18, 'Tofu', 'Vegetarian', 8),

(270, 5.99, 0.20, 'Veggie Burger', 'Vegetarian', 1),
(271, 6.29, 0.15, 'Veggie Burger', 'Vegetarian', 2),
(272, 6.49, 0.10, 'Veggie Burger', 'Vegetarian', 3),
(273, 6.09, 0.18, 'Veggie Burger', 'Vegetarian', 4),
(274, 6.79, 0.12, 'Veggie Burger', 'Vegetarian', 5),
(275, 6.39, 0.10, 'Veggie Burger', 'Vegetarian', 6),
(276, 6.59, 0.12, 'Veggie Burger', 'Vegetarian', 7),
(277, 6.89, 0.18, 'Veggie Burger', 'Vegetarian', 8),

(278, 4.49, 0.10, 'Hot Dogs', 'Meat', 1),
(279, 4.79, 0.12, 'Hot Dogs', 'Meat', 2),
(280, 4.99, 0.15, 'Hot Dogs', 'Meat', 3),
(281, 4.39, 0.08, 'Hot Dogs', 'Meat', 4),
(282, 5.19, 0.18, 'Hot Dogs', 'Meat', 5),
(283, 4.89, 0.12, 'Hot Dogs', 'Meat', 6),
(284, 5.09, 0.10, 'Hot Dogs', 'Meat', 7),

INSERT INTO Retailers (RetailerID, RetName, RetLocation) VALUES
(1, 'Loblaw Companies Limited', 'BC, AB, SK, MB, ON, QC, NB, NS, PE, NL'),
(2, 'Sobeys Inc.', 'BC, AB, SK, MB, ON, QC, NB, NS, PE, NL'),
(3, 'Metro Inc.', 'ON, QC'),
(4, 'Walmart Canada', 'BC, AB, SK, MB, ON, QC, NB, NS, PE, NL'),
(5, 'Costco Wholesale Canada', 'BC, AB, SK, MB, ON, QC, NB, NS, PE, NL'),
(6, 'Foodland', 'ON, NB, NS, PE, NL'),
(7, 'Safeway Canada', 'BC, AB, SK, MB'),
(8, 'Real Canadian Superstore', 'BC, AB, SK, MB, ON');

INSERT INTO MayQualifyFor (CustomerID, ProgName) VALUES
(1, 'GST/HST Credit'),
(2, 'Social Assistance (Provincial)'),
(3, 'Ontario Works (OW)'),
(4, 'GST/HST Credit'),
(5, 'Alberta Works - Income Support'),
(6, 'Emergency Social Services Program'),
(7, 'Ontario Works (OW)'),
(8, 'Nutrition North Canada Subsidy'),
(9, 'Social Assistance (Provincial)'),
(10, 'Emergency Social Services Program'),
(11, 'Canada Child Benefit (CCB)'),
(12, 'Quebec Social Assistance (Aide Sociale)'),
(13, 'GST/HST Credit'),
(14, 'Ontario Works (OW)'),
(15, 'Low-Income Energy Assistance Program (Ontario)'),
(16, 'Emergency Social Services Program'),
(17, 'GST/HST Credit'),
(18, 'Quebec Social Assistance (Aide Sociale)'),
(19, 'Emergency Social Services Program'),
(20, 'GST/HST Credit'),
(21, 'Ontario Works (OW)'),
(22, 'Emergency Social Services Program'),
(23, 'Alberta Works - Income Support'),
(24, 'GST/HST Credit'),
(25, 'Social Assistance (Provincial)'),
(26, 'Emergency Social Services Program'),
(27, 'GST/HST Credit'),
(28, 'Ontario Works (OW)'),
(29, 'Emergency Social Services Program'),
(30, 'Quebec Social Assistance (Aide Sociale)'),
(31, 'Alberta Works - Income Support'),
(32, 'Canada Child Benefit (CCB)'),
(33, 'Ontario Works (OW)'),
(34, 'Emergency Social Services Program'),
(35, 'GST/HST Credit'),
(36, 'Alberta Works - Income Support'),
(37, 'Emergency Social Services Program'),
(38, 'Social Assistance (Provincial)'),
(39, 'Quebec Social Assistance (Aide Sociale)'),
(40, 'Ontario Works (OW)'),
(41, 'Emergency Social Services Program'),
(42, 'Alberta Works - Income Support'),
(43, 'GST/HST Credit'),
(44, 'Emergency Social Services Program'),
(45, 'Ontario Works (OW)'),
(46, 'Nutrition North Canada Subsidy'),
(47, 'Emergency Social Services Program'),
(48, 'Alberta Works - Income Support'),
(49, 'GST/HST Credit'),
(50, 'Social Assistance (Provincial)'),
(51, 'Quebec Social Assistance (Aide Sociale)'),
(52, 'Emergency Social Services Program'),
(53, 'Alberta Works - Income Support'),
(54, 'Ontario Works (OW)'),
(55, 'Emergency Social Services Program'),
(56, 'GST/HST Credit'),
(57, 'Ontario Works (OW)'),
(58, 'Emergency Social Services Program'),
(59, 'Alberta Works - Income Support'),
(60, 'GST/HST Credit'),
(61, 'Canada Child Benefit (CCB)'),
(62, 'Emergency Social Services Program'),
(63, 'Social Assistance (Provincial)'),
(64, 'Ontario Works (OW)'),
(65, 'GST/HST Credit'),
(66, 'Emergency Social Services Program'),
(67, 'Quebec Social Assistance (Aide Sociale)'),
(68, 'Alberta Works - Income Support'),
(69, 'Emergency Social Services Program'),
(70, 'GST/HST Credit'),
(71, 'Social Assistance (Provincial)'),
(72, 'Emergency Social Services Program'),
(73, 'Ontario Works (OW)'),
(74, 'Canada Child Benefit (CCB)'),
(75, 'Emergency Social Services Program'),
(76, 'Alberta Works - Income Support'),
(77, 'GST/HST Credit'),
(78, 'Ontario Works (OW)'),
(79, 'Emergency Social Services Program'),
(80, 'Alberta Works - Income Support'),
(81, 'Social Assistance (Provincial)'),
(82, 'Emergency Social Services Program'),
(83, 'GST/HST Credit'),
(84, 'Ontario Works (OW)'),
(85, 'Emergency Social Services Program'),
(86, 'Alberta Works - Income Support'),
(87, 'GST/HST Credit'),
(88, 'Emergency Social Services Program'),
(89, 'Ontario Works (OW)'),
(90, 'Canada Child Benefit (CCB)'),
(91, 'Emergency Social Services Program'),
(92, 'Quebec Social Assistance (Aide Sociale)'),
(93, 'Alberta Works - Income Support'),
(94, 'Social Assistance (Provincial)'),
(95, 'Emergency Social Services Program'),
(96, 'Ontario Works (OW)'),
(97, 'GST/HST Credit'),
(98, 'Emergency Social Services Program'),
(99, 'Alberta Works - Income Support'),
(100, 'Canada Child Benefit (CCB)');




INSERT INTO GovSupportProgram (ProgName, Criteria, BenefitAmount) VALUES
('Canada Child Benefit (CCB)', 'Provides financial assistance to families with children under 18, with amounts based on income, and is designed to reduce child poverty and food insecurity among families.', 'Up to $7,997 per child under 6; up to $6,765 per child aged 6 to 17, depending on income and family size.'),
('Social Assistance (Provincial)', 'Each province provides social assistance to low-income individuals and families. This includes benefits to cover essential needs like food.', 'Benefit amounts vary by province and individual circumstances, but often provide monthly payments between $600 and $1,500, depending on the province and household size.'),
('Nutrition North Canada Subsidy', 'Provides subsidies to make nutritious food more affordable and accessible in northern communities, particularly in remote and isolated areas.', 'Subsidies vary based on the region and type of food purchased, with some communities receiving up to 40% off the price of nutritious food.'),
('Low-Income Energy Assistance Program (Ontario)', 'A program that provides low-income households with a credit to help cover essential utilities, freeing up money that could be used for food.', 'Varies based on household income and energy consumption, typically providing $500–$1,000 annually.'),
('Emergency Social Services Program', 'Offers emergency financial assistance to individuals and families in crisis, including those facing food insecurity.', 'Varies based on the emergency need, but typically provides $200–$1,500 in short-term financial relief for food, shelter, and other urgent needs.'),
('GST/HST Credit', 'Provides quarterly payments to individuals and families with low or modest incomes to offset part of the GST/HST they pay, thus freeing up money for food and other essentials.', 'Up to $456 for single individuals and up to $598 for families, depending on income and family size.'),
('Ontario Works (OW)', 'Provides financial assistance to people in financial need, including food assistance, to help individuals and families meet basic needs.', 'Benefit amounts depend on the family size and income, but generally range from $700–$1,300 per month for a single individual.'),
('Alberta Works - Financial Assistance', 'Offers financial assistance to low-income individuals and families in Alberta to help cover living expenses, including food.', 'Benefit amounts vary based on income and household size, but typically range from $600 to $1,200 per month.'),
('Quebec Social Assistance (Dernière Chance Program)', 'Provides financial assistance to individuals with no other financial means, covering basic needs such as food and shelter.', 'Benefit amounts vary, but typically provide between $700–$1,500 per month depending on household size and income.'),
('Indigenous Emergency Assistance Program', 'Offers financial assistance to Indigenous individuals and families in need, with a focus on food and essential needs.', 'Benefit amounts vary based on the emergency and individual circumstances, but typically provide $200–$1,000 for immediate food and shelter needs.');

INSERT INTO Customer (CustomerID, Lname, Fname, IncomeLevel, ProvCode) VALUES
(1, 'Smith', 'John', 55000, 'ON'),
(2, 'Johnson', 'Emily', 48000, 'BC'),
(3, 'Brown', 'Michael', 60000, 'AB'),
(4, 'Williams', 'Sarah', 45000, 'QC'),
(5, 'Jones', 'David', 51000, 'NS'),
(6, 'Miller', 'Jessica', 52000, 'ON'),
(7, 'Davis', 'Daniel', 47000, 'BC'),
(8, 'Garcia', 'Laura', 58000, 'AB'),
(9, 'Martinez', 'Chris', 39000, 'QC'),
(10, 'Hernandez', 'Sophia', 49000, 'NS'),
(11, 'Lopez', 'Matthew', 53000, 'ON'),
(12, 'Gonzalez', 'Olivia', 41000, 'BC'),
(13, 'Wilson', 'James', 62000, 'AB'),
(14, 'Anderson', 'Emma', 54000, 'QC'),
(15, 'Thomas', 'Noah', 43000, 'NS'),
(16, 'Taylor', 'Isabella', 51000, 'ON'),
(17, 'Moore', 'Lucas', 57000, 'BC'),
(18, 'Jackson', 'Amelia', 46000, 'AB'),
(19, 'Martin', 'Ethan', 44000, 'QC'),
(20, 'Lee', 'Mia', 50000, 'NS'),
(21, 'Perez', 'Alexander', 56000, 'ON'),
(22, 'Thompson', 'Charlotte', 47000, 'BC'),
(23, 'White', 'Benjamin', 62000, 'AB'),
(24, 'Harris', 'Avery', 39000, 'QC'),
(25, 'Sanchez', 'Evelyn', 43000, 'NS'),
(26, 'Clark', 'Liam', 59000, 'ON'),
(27, 'Rodriguez', 'Abigail', 48000, 'BC'),
(28, 'Lewis', 'Henry', 51000, 'AB'),
(29, 'Walker', 'Scarlett', 42000, 'QC'),
(30, 'Hall', 'David', 53000, 'NS'),
(31, 'Allen', 'Grace', 57000, 'ON'),
(32, 'Young', 'Nathan', 46000, 'BC'),
(33, 'Hernandez', 'Victoria', 62000, 'AB'),
(34, 'King', 'Samuel', 41000, 'QC'),
(35, 'Wright', 'Madison', 50000, 'NS'),
(36, 'Lopez', 'Christopher', 56000, 'ON'),
(37, 'Scott', 'Zoey', 49000, 'BC'),
(38, 'Green', 'Daniel', 57000, 'AB'),
(39, 'Adams', 'Addison', 45000, 'QC'),
(40, 'Baker', 'Ella', 51000, 'NS'),
(41, 'Gonzalez', 'Matthew', 60000, 'ON'),
(42, 'Nelson', 'Aubrey', 47000, 'BC'),
(43, 'Carter', 'Jack', 43000, 'AB'),
(44, 'Mitchell', 'Chloe', 52000, 'QC'),
(45, 'Perez', 'Michael', 49000, 'NS'),
(46, 'Roberts', 'Hannah', 58000, 'ON'),
(47, 'Turner', 'Luke', 46000, 'BC'),
(48, 'Phillips', 'Lily', 61000, 'AB'),
(49, 'Campbell', 'Andrew', 39000, 'QC'),
(50, 'Parker', 'Samantha', 50000, 'NS'),
(51, 'Bennett', 'Aiden', 55000, 'ON'),
(52, 'Stewart', 'Sophia', 49000, 'BC'),
(53, 'Morris', 'Samuel', 51000, 'AB'),
(54, 'Murray', 'Ella', 43000, 'QC'),
(55, 'Graham', 'Benjamin', 57000, 'NS'),
(56, 'Ford', 'Grace', 46000, 'ON'),
(57, 'Grant', 'Nathan', 48000, 'BC'),
(58, 'Hughes', 'Ava', 55000, 'AB'),
(59, 'Douglas', 'Isabella', 46000, 'QC'),
(60, 'Sullivan', 'James', 50000, 'NS'),
(61, 'Jenkins', 'Lily', 54000, 'ON'),
(62, 'Harrison', 'Lucas', 52000, 'BC'),
(63, 'Cook', 'Zoe', 51000, 'AB'),
(64, 'Palmer', 'Henry', 53000, 'QC'),
(65, 'Murphy', 'Benjamin', 45000, 'NS'),
(66, 'James', 'Ella', 60000, 'ON'),
(67, 'Evans', 'Charlotte', 46000, 'BC'),
(68, 'Watson', 'Avery', 57000, 'AB'),
(69, 'Morgan', 'Liam', 48000, 'QC'),
(70, 'Mitchell', 'Chloe', 49000, 'NS'),
(71, 'Robinson', 'David', 62000, 'ON'),
(72, 'Collins', 'Grace', 50000, 'BC'),
(73, 'Long', 'Zoe', 52000, 'AB'),
(74, 'Gray', 'Sophia', 45000, 'QC'),
(75, 'Bell', 'Hannah', 51000, 'NS'),
(76, 'Wood', 'William', 53000, 'ON'),
(77, 'Hughes', 'Michael', 58000, 'BC'),
(78, 'Ward', 'Charlotte', 55000, 'AB'),
(79, 'Foster', 'Amelia', 47000, 'QC'),
(80, 'Russell', 'Ethan', 46000, 'NS'),
(81, 'Simmons', 'Mia', 60000, 'ON'),
(82, 'Jenkins', 'Matthew', 49000, 'BC'),
(83, 'Murray', 'Samuel', 48000, 'AB'),
(84, 'Harper', 'Ethan', 47000, 'QC'),
(85, 'Grant', 'Oliver', 50000, 'NS'),
(86, 'Bryant', 'Hannah', 51000, 'ON'),
(87, 'Harris', 'Lucas', 56000, 'BC'),
(88, 'Evans', 'Benjamin', 52000, 'AB'),
(89, 'Parker', 'Amelia', 48000, 'QC'),
(90, 'Taylor', 'Liam', 47000, 'NS'),
(91, 'Murphy', 'Grace', 50000, 'ON'),
(92, 'Ross', 'Sophia', 55000, 'BC'),
(93, 'Ward', 'Aiden', 52000, 'AB'),
(94, 'Hall', 'Ella', 43000, 'QC'),
(95, 'Anderson', 'Olivia', 51000, 'NS'),
(96, 'Nelson', 'Lily', 53000, 'ON'),
(97, 'Turner', 'Isabella', 54000, 'BC'),
(98, 'Cole', 'Charlotte', 50000, 'AB'),
(99, 'Graham', 'James', 46000, 'QC'),
(100, 'Mitchell', 'Mia', 48000, 'NS');
